filename,width,height,class,xmin,ymin,xmax,ymax
IMG_0216.JPG,3264,2448,NikeAirMonarch,302,49,1835,2448
IMG_0216.JPG,3264,2448,NikeAirMonarch,1002,8,2570,2117
IMG_0202.JPG,3264,2448,NikeAirMonarch,79,290,1038,1967
IMG_0202.JPG,3264,2448,NikeAirMonarch,1224,72,2306,2153
IMG_0438.JPG,3264,2448,NikeAirMonarch,688,249,1833,826
IMG_0438.JPG,3264,2448,NikeAirMonarch,1256,976,2206,1667
download-33.jpg,251,201,NikeAirMonarch,8,26,246,167
IMG_0404.JPG,3264,2448,NikeAirMonarch,515,1808,988,2444
IMG_0404.JPG,3264,2448,NikeAirMonarch,1629,1131,3231,2448
IMG_0362.JPG,3264,2448,NikeAirMonarch,679,372,1502,2122
IMG_0376.JPG,3264,2448,NikeAirMonarch,1188,1294,1788,1908
IMG_0376.JPG,3264,2448,NikeAirMonarch,1,326,1288,867
IMG_0410.JPG,3264,2448,NikeAirMonarch,838,1313,1729,2448
IMG_0410.JPG,3264,2448,NikeAirMonarch,1220,408,2770,1385
IMG_0389.JPG,3264,2448,NikeAirMonarch,238,740,938,2149
IMG_0389.JPG,3264,2448,NikeAirMonarch,1183,499,2106,2053
images-92.jpg,275,183,NikeAirMonarch,165,87,224,135
images-92.jpg,275,183,NikeAirMonarch,221,96,269,137
IMG_0148.JPG,3264,2448,NikeAirMonarch,748,49,1832,2265
images-86.jpg,225,225,NikeAirMonarch,15,45,214,185
IMG_0160.JPG,3264,2448,NikeAirMonarch,948,1265,1732,1565
IMG_0174.JPG,3264,2448,NikeAirMonarch,332,482,2198,2365
images-51.jpg,259,194,NikeAirMonarch,10,19,252,172
nike-air-monarch-iv-extra-wide-men-s-training-shoe-white-midnight-navy-white-male-white-midnight-navy-white-a034-600.jpg,600,300,NikeAirMonarch,6,9,596,291
images-50.jpg,203,248,NikeAirMonarch,7,64,199,178
IMG_0175.JPG,3264,2448,NikeAirMonarch,32,832,2148,2448
IMG_0161.JPG,3264,2448,NikeAirMonarch,932,1049,2432,1699
images-87.jpg,308,164,NikeAirMonarch,9,7,308,157
IMG_0149.JPG,3264,2448,NikeAirMonarch,1332,982,2682,2349
images-93.jpg,255,146,NikeAirMonarch,17,15,254,141
IMG_0388.JPG,3264,2448,NikeAirMonarch,215,863,902,1913
IMG_0388.JPG,3264,2448,NikeAirMonarch,1247,540,2088,2231
IMG_0377.JPG,3264,2448,NikeAirMonarch,156,222,1411,944
IMG_0377.JPG,3264,2448,NikeAirMonarch,1033,1149,2002,1894
IMG_0411.JPG,3264,2448,NikeAirMonarch,765,622,1442,1967
IMG_0411.JPG,3264,2448,NikeAirMonarch,1356,3,2792,1063
IMG_0405.JPG,3264,2448,NikeAirMonarch,424,1585,815,1976
IMG_0405.JPG,3264,2448,NikeAirMonarch,1365,740,3264,2420
IMG_0363.JPG,3264,2448,NikeAirMonarch,815,35,1606,1690
download-32.jpg,225,225,NikeAirMonarch,2,45,225,179
IMG_0439.JPG,3264,2448,NikeAirMonarch,961,231,2033,717
IMG_0439.JPG,3264,2448,NikeAirMonarch,1274,976,2265,1567
IMG_0203.JPG,3264,2448,NikeAirMonarch,256,640,1142,2263
IMG_0203.JPG,3264,2448,NikeAirMonarch,1342,258,2365,2272
IMG_0217.JPG,3264,2448,NikeAirMonarch,1074,26,2033,1626
IMG_0217.JPG,3264,2448,NikeAirMonarch,1620,13,2797,1776
IMG_0229.JPG,3264,2448,NikeAirMonarch,756,944,2233,2131
IMG_0229.JPG,3264,2448,NikeAirMonarch,1265,953,2633,2431
IMG_0201.JPG,3264,2448,NikeAirMonarch,6,8,952,1699
IMG_0201.JPG,3264,2448,NikeAirMonarch,1088,3,2288,2149
IMG_0215.JPG,3264,2448,NikeAirMonarch,274,172,2112,2448
IMG_0215.JPG,3264,2448,NikeAirMonarch,906,13,2792,1876
IMG_0349.JPG,3264,2448,NikeAirMonarch,1697,753,2474,2176
IMG_0413.JPG,3264,2448,NikeAirMonarch,738,917,1288,1667
IMG_0413.JPG,3264,2448,NikeAirMonarch,1561,231,2570,2126
IMG_0375.JPG,3264,2448,NikeAirMonarch,6,231,1306,817
IMG_0375.JPG,3264,2448,NikeAirMonarch,1047,1313,1729,1881
IMG_0361.JPG,3264,2448,NikeAirMonarch,788,272,1606,2031
IMG_0407.JPG,3264,2448,NikeAirMonarch,697,3,2597,1981
download-18.jpg,201,251,NikeAirMonarch,31,91,200,197
download-18.jpg,201,251,NikeAirMonarch,10,56,159,169
images-85.jpg,275,183,NikeAirMonarch,103,61,182,101
images-85.jpg,275,183,NikeAirMonarch,21,61,98,101
images-91.jpg,315,160,NikeAirMonarch,84,60,237,136
IMG_0177.JPG,3264,2448,NikeAirMonarch,165,615,3264,1925
IMG_0163.JPG,3264,2448,NikeAirMonarch,765,15,2632,2032
IMG_0188.JPG,3264,2448,NikeAirMonarch,232,149,1965,1299
IMG_0188.JPG,3264,2448,NikeAirMonarch,582,1265,2982,2382
images-52.jpg,300,168,NikeAirMonarch,38,56,252,165
images-53.jpg,259,194,NikeAirMonarch,21,32,251,164
images-47.jpg,225,225,NikeAirMonarch,61,45,163,177
IMG_0189.JPG,3264,2448,NikeAirMonarch,265,32,2015,1249
IMG_0189.JPG,3264,2448,NikeAirMonarch,532,882,3264,2116
IMG_0162.JPG,3264,2448,NikeAirMonarch,1048,265,3115,2165
IMG_0176.JPG,3264,2448,NikeAirMonarch,82,499,2380,2448
images-84.jpg,225,225,NikeAirMonarch,9,80,223,191
IMG_0360.JPG,3264,2448,NikeAirMonarch,852,217,1956,1453
IMG_0360.JPG,3264,2448,NikeAirMonarch,6,1544,306,2122
IMG_0406.JPG,3264,2448,NikeAirMonarch,888,376,2770,2281
IMG_0412.JPG,3264,2448,NikeAirMonarch,629,453,1329,1540
IMG_0412.JPG,3264,2448,NikeAirMonarch,1488,13,2729,1308
IMG_0374.JPG,3264,2448,NikeAirMonarch,15,472,1302,1108
IMG_0374.JPG,3264,2448,NikeAirMonarch,1015,1603,1642,2176
download-25.jpg,259,194,NikeAirMonarch,11,31,247,166
download-31.jpg,225,225,NikeAirMonarch,58,65,222,177
download-31.jpg,225,225,NikeAirMonarch,9,51,136,140
IMG_0348.JPG,3264,2448,NikeAirMonarch,847,408,2011,1153
IMG_0348.JPG,3264,2448,NikeAirMonarch,2074,1985,2784,2448
IMG_0214.JPG,3264,2448,NikeAirMonarch,997,1117,3047,2122
IMG_0214.JPG,3264,2448,NikeAirMonarch,956,167,2820,1103
IMG_0200.JPG,3264,2448,NikeAirMonarch,2,3,806,1549
IMG_0200.JPG,3264,2448,NikeAirMonarch,883,13,2138,2067
IMG_0204.JPG,3264,2448,NikeAirMonarch,452,653,1311,2208
IMG_0204.JPG,3264,2448,NikeAirMonarch,1506,199,2542,2076
IMG_0210.JPG,3264,2448,NikeAirMonarch,233,1213,2846,2448
IMG_0210.JPG,3264,2448,NikeAirMonarch,783,3,3264,449
IMG_0370.JPG,3264,2448,NikeAirMonarch,56,3,1379,531
IMG_0370.JPG,3264,2448,NikeAirMonarch,147,1194,1406,1703
IMG_0416.JPG,3264,2448,NikeAirMonarch,1665,290,2679,2108
IMG_0402.JPG,3264,2448,NikeAirMonarch,1406,1258,3264,2307
IMG_0402.JPG,3264,2448,NikeAirMonarch,356,458,942,1490
IMG_0364.JPG,3264,2448,NikeAirMonarch,583,640,1833,1740
download-35.jpg,244,207,NikeAirMonarch,12,57,236,179
download-21.jpg,310,163,NikeAirMonarch,17,3,296,158
IMG_0358.JPG,3264,2448,NikeAirMonarch,392,8,1452,917
IMG_0172.JPG,3264,2448,NikeAirMonarch,48,515,2198,1799
IMG_0166.JPG,3264,2448,NikeAirMonarch,915,32,2165,1599
images-80.jpg,308,164,NikeAirMonarch,32,5,219,98
images-80.jpg,308,164,NikeAirMonarch,118,31,308,162
images-94.jpg,246,205,NikeAirMonarch,2,46,246,160
images-43.jpg,247,204,NikeAirMonarch,3,24,242,183
images-57.jpg,225,225,NikeAirMonarch,4,57,223,166
IMG_0199.JPG,3264,2448,NikeAirMonarch,15,8,1174,1576
IMG_0199.JPG,3264,2448,NikeAirMonarch,997,444,2365,2376
IMG_0198.JPG,3264,2448,NikeAirMonarch,32,32,1282,1299
IMG_0198.JPG,3264,2448,NikeAirMonarch,858,608,2293,2197
images-56.jpg,225,225,NikeAirMonarch,6,68,216,190
images-56.jpg,225,225,NikeAirMonarch,5,64,104,118
images-42.jpg,225,225,NikeAirMonarch,36,59,196,171
images-95.jpg,225,225,NikeAirMonarch,27,83,201,173
images-81.jpg,263,192,NikeAirMonarch,43,44,242,135
images-81.jpg,263,192,NikeAirMonarch,11,14,147,87
IMG_0167.JPG,3264,2448,NikeAirMonarch,532,599,1581,2448
IMG_0173.JPG,3264,2448,NikeAirMonarch,365,882,2048,1782
download-20.jpg,225,225,NikeAirMonarch,2,18,224,197
IMG_0359.JPG,3264,2448,NikeAirMonarch,783,385,2047,1453
IMG_0359.JPG,3264,2448,NikeAirMonarch,2,1422,456,2376
download-34.jpg,225,225,NikeAirMonarch,67,112,191,188
download-34.jpg,225,225,NikeAirMonarch,22,69,133,131
IMG_0403.JPG,3264,2448,NikeAirMonarch,1515,1208,3257,2448
IMG_0403.JPG,3264,2448,NikeAirMonarch,383,1094,911,1967
IMG_0371.JPG,3264,2448,NikeAirMonarch,2,258,1402,1026
IMG_0371.JPG,3264,2448,NikeAirMonarch,183,1617,1502,2217
IMG_0417.JPG,3264,2448,NikeAirMonarch,1624,263,2724,2117
IMG_0239.JPG,3264,2448,NikeAirMonarch,24,13,1097,1849
IMG_0239.JPG,3264,2448,NikeAirMonarch,811,517,2647,2390
IMG_0211.JPG,3264,2448,NikeAirMonarch,747,1094,3097,2217
IMG_0211.JPG,3264,2448,NikeAirMonarch,683,35,2915,1053
IMG_0205.JPG,3264,2448,NikeAirMonarch,738,622,1552,2099
IMG_0205.JPG,3264,2448,NikeAirMonarch,1733,90,2756,1831
IMG_0039.JPG,3264,2448,NikeAirMonarch,1448,1049,1732,1599
IMG_0039.JPG,3264,2448,NikeAirMonarch,1715,1065,2065,1649
IMG_0213.JPG,3264,2448,NikeAirMonarch,847,1126,2856,2117
IMG_0213.JPG,3264,2448,NikeAirMonarch,783,190,2592,1085
IMG_0207.JPG,3264,2448,NikeAirMonarch,447,776,2824,1785
IMG_0367.JPG,3264,2448,NikeAirMonarch,733,1213,1879,1672
IMG_0401.JPG,3264,2448,NikeAirMonarch,1470,1358,3242,2294
IMG_0401.JPG,3264,2448,NikeAirMonarch,452,31,1174,1158
IMG_0415.JPG,3264,2448,NikeAirMonarch,1783,240,2647,2249
IMG_0415.JPG,3264,2448,NikeAirMonarch,874,985,1302,1317
IMG_0373.JPG,3264,2448,NikeAirMonarch,215,644,1688,1494
IMG_0373.JPG,3264,2448,NikeAirMonarch,556,1940,1800,2448
download-22.jpg,280,180,NikeAirMonarch,27,26,255,153
IMG_0429.JPG,3264,2448,NikeAirMonarch,656,1117,1756,1690
IMG_0429.JPG,3264,2448,NikeAirMonarch,11,13,706,872
download-36.jpg,225,225,NikeAirMonarch,15,63,213,164
IMG_0398.JPG,3264,2448,NikeAirMonarch,1147,990,2256,1831
IMG_0398.JPG,3264,2448,NikeAirMonarch,1111,72,2224,803
IMG_0165.JPG,3264,2448,NikeAirMonarch,1098,299,2265,2399
IMG_0171.JPG,3264,2448,NikeAirMonarch,15,449,2832,1949
images-97.jpg,271,186,NikeAirMonarch,44,73,226,178
IMG_0159.JPG,3264,2448,NikeAirMonarch,848,1149,1682,1482
images-83.jpg,183,275,NikeAirMonarch,10,125,140,192
images-83.jpg,183,275,NikeAirMonarch,80,123,168,183
images-68.jpg,299,168,NikeAirMonarch,17,16,287,151
images-54.jpg,225,225,NikeAirMonarch,13,55,215,154
images-40.jpg,181,279,NikeAirMonarch,14,38,133,231
images-40.jpg,181,279,NikeAirMonarch,101,34,178,190
images-41.jpg,225,225,NikeAirMonarch,11,58,218,167
images-55.jpg,201,251,NikeAirMonarch,1,68,201,185
images-69.jpg,300,168,NikeAirMonarch,9,1,297,159
images-82.jpg,251,201,NikeAirMonarch,18,45,181,161
images-82.jpg,251,201,NikeAirMonarch,100,48,232,148
IMG_0158.JPG,3264,2448,NikeAirMonarch,832,765,2948,1482
images-96.jpg,225,225,NikeAirMonarch,39,72,217,187
images-96.jpg,225,225,NikeAirMonarch,7,55,117,159
IMG_0170.JPG,3264,2448,NikeAirMonarch,298,382,2565,1999
IMG_0399.JPG,3264,2448,NikeAirMonarch,1465,594,2833,1890
download-37.jpg,285,177,NikeAirMonarch,12,26,273,158
IMG_0428.JPG,3264,2448,NikeAirMonarch,1142,99,1947,1913
IMG_0414.JPG,3264,2448,NikeAirMonarch,892,1031,1356,1608
IMG_0414.JPG,3264,2448,NikeAirMonarch,1702,263,2715,2303
IMG_0366.JPG,3264,2448,NikeAirMonarch,779,1226,1933,1713
IMG_0400.JPG,3264,2448,NikeAirMonarch,1470,1135,3142,2422
IMG_0400.JPG,3264,2448,NikeAirMonarch,783,3,1392,644
IMG_0206.JPG,3264,2448,NikeAirMonarch,483,817,2761,1858
IMG_0212.JPG,3264,2448,NikeAirMonarch,697,1149,2874,2226
IMG_0212.JPG,3264,2448,NikeAirMonarch,647,113,2688,1149
IMG_0038.JPG,3264,2448,NikeAirMonarch,1602,1035,1884,1638
IMG_0038.JPG,3264,2448,NikeAirMonarch,1437,1063,1652,1650
IMG_0077.JPG,3264,2448,NikeAirMonarch,682,249,1682,1949
IMG_0063.JPG,3264,2448,NikeAirMonarch,1582,1265,2025,2448
IMG_0063.JPG,3264,2448,NikeAirMonarch,898,1732,1415,2282
IMG_0088.JPG,3264,2448,NikeAirMonarch,82,432,1474,2448
IMG_0249.JPG,3264,2448,NikeAirMonarch,692,613,1497,2444
IMG_0249.JPG,3264,2448,NikeAirMonarch,1424,372,2604,2448
IMG_0275.JPG,3264,2448,NikeAirMonarch,29,13,770,2208
IMG_0275.JPG,3264,2448,NikeAirMonarch,697,8,1761,2249
IMG_0513.JPG,3264,2448,NikeAirMonarch,2,103,911,953
IMG_0513.JPG,3264,2448,NikeAirMonarch,479,1244,1538,2076
images-7.jpg,275,183,NikeAirMonarch,32,33,246,144
IMG_0261.JPG,3264,2448,NikeAirMonarch,256,572,2774,2308
download-44.jpg,266,190,NikeAirMonarch,3,28,262,163
IMG_0329.JPG,3264,2448,NikeAirMonarch,1242,1476,1702,1803
IMG_0329.JPG,3264,2448,NikeAirMonarch,1420,858,1838,1303
IMG_0301.JPG,3264,2448,NikeAirMonarch,274,663,2406,1790
IMG_0467.JPG,3264,2448,NikeAirMonarch,1533,340,2233,894
IMG_0467.JPG,3264,2448,NikeAirMonarch,1392,1363,2524,1849
IMG_0473.JPG,3264,2448,NikeAirMonarch,1338,685,1870,1394
IMG_0473.JPG,3264,2448,NikeAirMonarch,1997,285,2997,1890
IMG_0315.JPG,3264,2448,NikeAirMonarch,6,108,2547,1708
IMG_0498.JPG,3264,2448,NikeAirMonarch,633,753,1611,1813
IMG_0498.JPG,3264,2448,NikeAirMonarch,1311,58,1774,635
10-Nike-Air-Monarch-Colorways-You-Might-Like-10.jpg,1200,1472,NikeAirMonarch,212,830,1138,1361
10-Nike-Air-Monarch-Colorways-You-Might-Like-10.jpg,1200,1472,NikeAirMonarch,45,863,650,1284
IMG_0103.JPG,3264,2448,NikeAirMonarch,1482,549,1882,1832
IMG_0103.JPG,3264,2448,NikeAirMonarch,1848,582,2582,1865
IMG_0117.JPG,3264,2448,NikeAirMonarch,382,99,2332,2265
images-32.jpg,225,225,NikeAirMonarch,9,65,217,176
images-26.jpg,225,225,NikeAirMonarch,14,56,211,166
images-33.jpg,275,183,NikeAirMonarch,19,79,62,147
images-33.jpg,275,183,NikeAirMonarch,179,124,255,167
IMG_0116.JPG,3264,2448,NikeAirMonarch,182,799,2306,2448
IMG_0102.JPG,3264,2448,NikeAirMonarch,1015,232,1648,1415
IMG_0102.JPG,3264,2448,NikeAirMonarch,1282,449,2182,1632
10-Nike-Air-Monarch-Colorways-You-Might-Like-05.jpg,1200,940,NikeAirMonarch,77,251,931,828
10-Nike-Air-Monarch-Colorways-You-Might-Like-05.jpg,1200,940,NikeAirMonarch,369,144,1149,679
IMG_0499.JPG,3264,2448,NikeAirMonarch,1056,8,1811,722
IMG_0499.JPG,3264,2448,NikeAirMonarch,556,917,1665,1803
IMG_0472.JPG,3264,2448,NikeAirMonarch,1461,781,1988,1367
IMG_0472.JPG,3264,2448,NikeAirMonarch,2070,367,3161,1922
IMG_0314.JPG,3264,2448,NikeAirMonarch,242,344,1770,2422
IMG_0300.JPG,3264,2448,NikeAirMonarch,542,8,2020,1744
IMG_0466.JPG,3264,2448,NikeAirMonarch,1661,299,2292,844
IMG_0466.JPG,3264,2448,NikeAirMonarch,1411,1335,2561,1799
download-51.jpg,225,225,NikeAirMonarch,32,10,110,210
download-51.jpg,225,225,NikeAirMonarch,116,14,192,207
IMG_0328.JPG,3264,2448,NikeAirMonarch,1438,1276,1879,1594
IMG_0328.JPG,3264,2448,NikeAirMonarch,1570,649,1965,1085
download-45.jpg,316,159,NikeAirMonarch,3,2,316,154
images-6.jpg,225,225,NikeAirMonarch,11,62,217,168
IMG_0506.JPG,3264,2448,NikeAirMonarch,661,1035,1274,2031
IMG_0506.JPG,3264,2448,NikeAirMonarch,1338,494,1888,1444
IMG_0260.JPG,3264,2448,NikeAirMonarch,529,426,2979,2144
IMG_0274.JPG,3264,2448,NikeAirMonarch,211,258,2115,1144
IMG_0274.JPG,3264,2448,NikeAirMonarch,220,1176,2297,2203
IMG_0248.JPG,3264,2448,NikeAirMonarch,956,553,1992,1963
IMG_0248.JPG,3264,2448,NikeAirMonarch,1388,731,2506,2263
IMG_0089.JPG,3264,2448,NikeAirMonarch,665,565,2248,2015
IMG_0062.JPG,3264,2448,NikeAirMonarch,1215,965,2198,1565
IMG_0062.JPG,3264,2448,NikeAirMonarch,1332,599,2415,1165
IMG_0048.JPG,3264,2448,NikeAirMonarch,315,565,3264,2048
IMG_0060.JPG,3264,2448,NikeAirMonarch,1048,1032,2082,1932
IMG_0060.JPG,3264,2448,NikeAirMonarch,1232,549,2382,1499
IMG_0074.JPG,3264,2448,NikeAirMonarch,465,32,1865,1999
IMG_0262.JPG,3264,2448,NikeAirMonarch,1,803,2015,2063
IMG_0504.JPG,3264,2448,NikeAirMonarch,347,1344,1002,2422
IMG_0504.JPG,3264,2448,NikeAirMonarch,1188,844,1715,1790
images-4.jpg,224,224,NikeAirMonarch,2,20,223,200
IMG_0276.JPG,3264,2448,NikeAirMonarch,165,117,988,2263
IMG_0276.JPG,3264,2448,NikeAirMonarch,665,44,1897,2299
IMG_0289.JPG,3264,2448,NikeAirMonarch,297,708,2224,2240
IMG_0458.JPG,3264,2448,NikeAirMonarch,729,908,1861,1976
IMG_0458.JPG,3264,2448,NikeAirMonarch,1697,8,2406,922
download-47.jpg,257,196,NikeAirMonarch,54,74,207,171
download-47.jpg,257,196,NikeAirMonarch,114,45,184,108
IMG_0470.JPG,3264,2448,NikeAirMonarch,1792,485,3124,1726
IMG_0464.JPG,3264,2448,NikeAirMonarch,2047,458,2561,1022
IMG_0464.JPG,3264,2448,NikeAirMonarch,1606,1467,2906,2108
IMG_0302.JPG,3264,2448,NikeAirMonarch,933,72,1865,2285
10-Nike-Air-Monarch-Colorways-You-Might-Like-07.jpg,1200,793,NikeAirMonarch,155,93,640,533
10-Nike-Air-Monarch-Colorways-You-Might-Like-07.jpg,1200,793,NikeAirMonarch,331,160,1061,665
IMG_0128.JPG,3264,2448,NikeAirMonarch,832,32,2164,2448
images-25.jpg,224,225,NikeAirMonarch,18,24,213,184
images-31.jpg,303,166,NikeAirMonarch,21,19,280,148
images-19.jpg,275,183,NikeAirMonarch,9,20,264,167
images-18.jpg,225,225,NikeAirMonarch,15,68,217,168
images-30.jpg,259,194,NikeAirMonarch,53,69,244,192
images-30.jpg,259,194,NikeAirMonarch,14,4,194,159
images-24.jpg,225,225,NikeAirMonarch,17,80,208,175
IMG_0101.JPG,3264,2448,NikeAirMonarch,1048,1399,2082,1749
IMG_0101.JPG,3264,2448,NikeAirMonarch,932,899,1932,1382
IMG_0115.JPG,3264,2448,NikeAirMonarch,682,132,2303,2448
IMG_0129.JPG,3264,2448,NikeAirMonarch,915,32,2465,2215
10-Nike-Air-Monarch-Colorways-You-Might-Like-06.jpg,1200,789,NikeAirMonarch,97,175,669,602
10-Nike-Air-Monarch-Colorways-You-Might-Like-06.jpg,1200,789,NikeAirMonarch,390,140,799,496
IMG_0465.JPG,3264,2448,NikeAirMonarch,1706,299,2183,858
IMG_0465.JPG,3264,2448,NikeAirMonarch,1092,1331,2342,1863
IMG_0303.JPG,3264,2448,NikeAirMonarch,15,576,2238,1803
IMG_0471.JPG,3264,2448,NikeAirMonarch,1415,708,1915,1217
IMG_0471.JPG,3264,2448,NikeAirMonarch,1970,422,3161,1876
download-46.jpg,225,225,NikeAirMonarch,66,100,208,185
download-46.jpg,225,225,NikeAirMonarch,23,100,125,177
IMG_0459.JPG,3264,2448,NikeAirMonarch,970,1172,1920,1844
IMG_0459.JPG,3264,2448,NikeAirMonarch,1156,103,2183,1085
IMG_0288.JPG,3264,2448,NikeAirMonarch,765,1072,3056,2126
IMG_0511.JPG,3264,2448,NikeAirMonarch,702,49,1456,1694
IMG_0511.JPG,3264,2448,NikeAirMonarch,1724,63,2252,1176
IMG_0277.JPG,3264,2448,NikeAirMonarch,270,1376,2670,2335
IMG_0277.JPG,3264,2448,NikeAirMonarch,147,581,2347,1699
IMG_0263.JPG,3264,2448,NikeAirMonarch,311,708,3252,2058
images-5.jpg,225,225,NikeAirMonarch,19,76,207,174
IMG_0505.JPG,3264,2448,NikeAirMonarch,297,1144,911,2194
IMG_0505.JPG,3264,2448,NikeAirMonarch,1211,772,1674,1763
IMG_0075.JPG,3264,2448,NikeAirMonarch,898,15,2065,1599
IMG_0061.JPG,3264,2448,NikeAirMonarch,1115,982,2165,1632
IMG_0061.JPG,3264,2448,NikeAirMonarch,1332,599,2298,1249
IMG_0049.JPG,3264,2448,NikeAirMonarch,698,82,3264,2128
IMG_0049.JPG,3264,2448,NikeAirMonarch,65,15,2282,1232
IMG_0065.JPG,3264,2448,NikeAirMonarch,282,949,1048,1632
IMG_0065.JPG,3264,2448,NikeAirMonarch,1165,449,1898,2315
IMG_0071.JPG,3264,2448,NikeAirMonarch,982,1265,2148,1865
IMG_0071.JPG,3264,2448,NikeAirMonarch,1332,15,1915,815
IMG_0059.JPG,3264,2448,NikeAirMonarch,782,765,1648,2082
IMG_0059.JPG,3264,2448,NikeAirMonarch,1165,465,2098,1782
IMG_0501.JPG,3264,2448,NikeAirMonarch,1306,740,2070,1481
IMG_0501.JPG,3264,2448,NikeAirMonarch,902,1649,1963,2448
images-1.jpg,225,225,NikeAirMonarch,4,48,221,172
IMG_0267.JPG,3264,2448,NikeAirMonarch,788,1185,2665,2226
IMG_0267.JPG,3264,2448,NikeAirMonarch,2056,2035,3017,2448
IMG_0273.JPG,3264,2448,NikeAirMonarch,483,513,2238,1285
IMG_0273.JPG,3264,2448,NikeAirMonarch,474,1299,2392,2131
IMG_0515.JPG,3264,2448,NikeAirMonarch,706,299,1502,1594
IMG_0515.JPG,3264,2448,NikeAirMonarch,2,1022,474,2399
IMG_0298.JPG,3264,2448,NikeAirMonarch,533,258,2447,1835
IMG_0313.JPG,3264,2448,NikeAirMonarch,970,222,2502,2276
IMG_0307.JPG,3264,2448,NikeAirMonarch,20,3,3264,2413
IMG_0449.JPG,3264,2448,NikeAirMonarch,1011,290,2024,1217
IMG_0449.JPG,3264,2448,NikeAirMonarch,1261,1385,2438,2049
download-42.jpg,300,168,NikeAirMonarch,54,69,182,145
download-42.jpg,300,168,NikeAirMonarch,138,84,225,153
IMG_0105.JPG,3264,2448,NikeAirMonarch,732,1315,2148,2415
IMG_0105.JPG,3264,2448,NikeAirMonarch,898,682,2448,1965
IMG_0139.JPG,3264,2448,NikeAirMonarch,1306,808,2244,1189
IMG_0139.JPG,3264,2448,NikeAirMonarch,1413,1151,2294,1495
images-20.jpg,225,225,NikeAirMonarch,9,58,219,166
images-34.jpg,284,177,NikeAirMonarch,11,26,276,153
images-35.jpg,225,225,NikeAirMonarch,50,110,126,189
images-35.jpg,225,225,NikeAirMonarch,87,162,168,221
images-21.jpg,268,188,NikeAirMonarch,71,37,266,146
images-21.jpg,268,188,NikeAirMonarch,7,36,151,141
IMG_0138.JPG,3264,2448,NikeAirMonarch,1198,949,1982,1615
IMG_0138.JPG,3264,2448,NikeAirMonarch,1365,665,2182,1349
IMG_0104.JPG,3264,2448,NikeAirMonarch,1248,1199,2082,1915
IMG_0104.JPG,3264,2448,NikeAirMonarch,1382,865,2265,1632
IMG_0110.JPG,3264,2448,NikeAirMonarch,32,515,2332,2299
download-43.jpg,285,177,NikeAirMonarch,4,5,285,173
IMG_0448.JPG,3264,2448,NikeAirMonarch,965,481,2074,1267
IMG_0448.JPG,3264,2448,NikeAirMonarch,1233,1603,2392,2294
IMG_0306.JPG,3264,2448,NikeAirMonarch,15,17,3264,1921
IMG_0460.JPG,3264,2448,NikeAirMonarch,1152,599,2333,1363
IMG_0460.JPG,3264,2448,NikeAirMonarch,1129,1544,2333,2253
IMG_0474.JPG,3264,2448,NikeAirMonarch,1333,685,1933,1585
IMG_0474.JPG,3264,2448,NikeAirMonarch,2097,258,2956,1967
IMG_0312.JPG,3264,2448,NikeAirMonarch,415,685,3002,1822
IMG_0299.JPG,3264,2448,NikeAirMonarch,802,199,2042,2358
IMG_0272.JPG,3264,2448,NikeAirMonarch,292,390,2670,1281
IMG_0272.JPG,3264,2448,NikeAirMonarch,279,1267,2679,2313
IMG_0514.JPG,3264,2448,NikeAirMonarch,533,485,1433,1744
IMG_0514.JPG,3264,2448,NikeAirMonarch,11,1572,618,2448
IMG_0266.JPG,3264,2448,NikeAirMonarch,311,572,2415,1940
IMG_0058.JPG,3264,2448,NikeAirMonarch,898,599,1732,1915
IMG_0058.JPG,3264,2448,NikeAirMonarch,1332,382,2232,1765
IMG_0070.JPG,3264,2448,NikeAirMonarch,1232,665,2098,1899
IMG_0070.JPG,3264,2448,NikeAirMonarch,2215,2149,2613,2448
IMG_0064.JPG,3264,2448,NikeAirMonarch,398,165,1298,1082
IMG_0064.JPG,3264,2448,NikeAirMonarch,248,365,2415,1915
IMG_0072.JPG,3264,2448,NikeAirMonarch,1282,349,2065,1849
IMG_0072.JPG,3264,2448,NikeAirMonarch,2598,799,3264,1434
IMG_0066.JPG,3264,2448,NikeAirMonarch,1348,199,2015,1865
IMG_0066.JPG,3264,2448,NikeAirMonarch,665,1199,1282,1799
IMG_0516.JPG,3264,2448,NikeAirMonarch,6,644,506,2081
IMG_0516.JPG,3264,2448,NikeAirMonarch,833,222,1547,1572
IMG_0270.JPG,3264,2448,NikeAirMonarch,642,422,2829,1613
IMG_0270.JPG,3264,2448,NikeAirMonarch,792,1381,2274,2444
IMG_0264.JPG,3264,2448,NikeAirMonarch,270,917,2708,2448
IMG_0502.JPG,3264,2448,NikeAirMonarch,542,1253,1352,1735
images-2.jpg,144,144,NikeAirMonarch,11,50,135,117
IMG_0258.JPG,3264,2448,NikeAirMonarch,42,203,2715,1976
IMG_0462.JPG,3264,2448,NikeAirMonarch,1442,853,2720,1417
IMG_0462.JPG,3264,2448,NikeAirMonarch,1720,1876,3052,2399
IMG_0310.JPG,3264,2448,NikeAirMonarch,1292,435,2730,2444
IMG_0476.JPG,3264,2448,NikeAirMonarch,1274,585,1838,1844
IMG_0476.JPG,3264,2448,NikeAirMonarch,1974,226,2774,1835
IMG_0338.JPG,3264,2448,NikeAirMonarch,1297,494,2170,1594
IMG_0338.JPG,3264,2448,NikeAirMonarch,183,1613,711,1772
download-55.jpg,300,168,NikeAirMonarch,12,15,283,141
IMG_0489.JPG,3264,2448,NikeAirMonarch,1015,517,1492,849
IMG_0489.JPG,3264,2448,NikeAirMonarch,1038,1190,1529,1572
IMG_0106.JPG,3264,2448,NikeAirMonarch,682,765,2348,1565
IMG_0106.JPG,3264,2448,NikeAirMonarch,532,49,2448,915
images-37.jpg,300,168,NikeAirMonarch,72,54,231,137
images-23.jpg,327,154,NikeAirMonarch,4,1,327,153
images-22.jpg,225,225,NikeAirMonarch,2,26,220,192
images-36.jpg,271,186,NikeAirMonarch,43,52,229,178
IMG_0113.JPG,3264,2448,NikeAirMonarch,565,199,3198,1815
IMG_0107.JPG,3264,2448,NikeAirMonarch,732,1199,2515,1832
IMG_0107.JPG,3264,2448,NikeAirMonarch,332,465,2432,1165
IMG_0339.JPG,3264,2448,NikeAirMonarch,1252,226,1929,1672
IMG_0339.JPG,3264,2448,NikeAirMonarch,206,1935,1120,2444
IMG_0311.JPG,3264,2448,NikeAirMonarch,402,8,2447,1649
IMG_0305.JPG,3264,2448,NikeAirMonarch,11,8,3238,1426
IMG_0259.JPG,3264,2448,NikeAirMonarch,697,190,2656,2422
IMG_0265.JPG,3264,2448,NikeAirMonarch,320,953,2805,2448
images-3.jpg,244,207,NikeAirMonarch,8,57,233,175
IMG_0503.JPG,3264,2448,NikeAirMonarch,915,1222,1733,1967
IMG_0503.JPG,3264,2448,NikeAirMonarch,392,2117,1065,2448
IMG_0517.JPG,3264,2448,NikeAirMonarch,838,581,1388,2035
IMG_0517.JPG,3264,2448,NikeAirMonarch,1724,1217,2242,1940
IMG_0271.JPG,3264,2448,NikeAirMonarch,256,1140,2997,2417
IMG_0271.JPG,3264,2448,NikeAirMonarch,302,126,3024,1276
IMG_0098.JPG,3264,2448,NikeAirMonarch,1665,1032,2582,1599
IMG_0098.JPG,3264,2448,NikeAirMonarch,1848,649,2782,1265
IMG_0067.JPG,3264,2448,NikeAirMonarch,1215,115,2148,1482
IMG_0067.JPG,3264,2448,NikeAirMonarch,715,949,1348,1665
IMG_0073.JPG,3264,2448,NikeAirMonarch,115,232,2715,2265
IMG_0056.JPG,3264,2448,NikeAirMonarch,1215,182,1748,1699
IMG_0056.JPG,3264,2448,NikeAirMonarch,1698,215,2665,1799
IMG_0042.JPG,3264,2448,NikeAirMonarch,1353,907,1973,1227
IMG_0042.JPG,3264,2448,NikeAirMonarch,1330,1147,1947,1467
IMG_0081.JPG,3264,2448,NikeAirMonarch,1032,449,2098,1949
IMG_0268.JPG,3264,2448,NikeAirMonarch,965,103,2329,2358
IMG_0268.JPG,3264,2448,NikeAirMonarch,2056,1967,3102,2448
IMG_0254.JPG,3264,2448,NikeAirMonarch,11,13,1947,1103
IMG_0254.JPG,3264,2448,NikeAirMonarch,642,599,2395,2448
IMG_0240.JPG,3264,2448,NikeAirMonarch,179,513,2329,1499
IMG_0240.JPG,3264,2448,NikeAirMonarch,1097,1358,2061,2448
IMG_0297.JPG,3264,2448,NikeAirMonarch,652,863,2883,1753
IMG_0283.JPG,3264,2448,NikeAirMonarch,279,317,1042,1935
IMG_0283.JPG,3264,2448,NikeAirMonarch,765,272,1692,1935
IMG_0308.JPG,3264,2448,NikeAirMonarch,424,258,2361,2163
IMG_0320.JPG,3264,2448,NikeAirMonarch,211,22,2595,2448
IMG_0446.JPG,3264,2448,NikeAirMonarch,1024,976,2052,1513
IMG_0446.JPG,3264,2448,NikeAirMonarch,1011,1949,2060,2448
IMG_0452.JPG,3264,2448,NikeAirMonarch,629,499,1370,1631
IMG_0452.JPG,3264,2448,NikeAirMonarch,1302,890,2338,2263
IMG_0334.JPG,3264,2448,NikeAirMonarch,774,13,1365,649
IMG_0334.JPG,3264,2448,NikeAirMonarch,1506,999,2097,1485
IMG_0485.JPG,3264,2448,NikeAirMonarch,765,935,2770,2090
IMG_0485.JPG,3264,2448,NikeAirMonarch,97,1817,579,2353
IMG_0491.JPG,3264,2448,NikeAirMonarch,1324,653,1642,1081
IMG_0491.JPG,3264,2448,NikeAirMonarch,1974,644,2288,1013
IMG_0122.JPG,3264,2448,NikeAirMonarch,898,365,2452,2448
IMG_0136.JPG,3264,2448,NikeAirMonarch,1665,649,1915,1482
IMG_0136.JPG,3264,2448,NikeAirMonarch,1932,699,2332,1599
images-13.jpg,225,225,NikeAirMonarch,8,112,223,225
images-12.jpg,225,225,NikeAirMonarch,7,107,181,209
images-12.jpg,225,225,NikeAirMonarch,95,106,220,193
IMG_0137.JPG,3264,2448,NikeAirMonarch,1665,815,1882,1549
IMG_0137.JPG,3264,2448,NikeAirMonarch,1915,882,2248,1615
IMG_0123.JPG,3264,2448,NikeAirMonarch,198,365,2448,2265
IMG_0490.JPG,3264,2448,NikeAirMonarch,1065,817,1524,1340
IMG_0490.JPG,3264,2448,NikeAirMonarch,1533,363,1974,1099
IMG_0484.JPG,3264,2448,NikeAirMonarch,961,985,2783,2072
IMG_0484.JPG,3264,2448,NikeAirMonarch,233,1690,747,2267
IMG_0453.JPG,3264,2448,NikeAirMonarch,597,663,1342,1672
IMG_0453.JPG,3264,2448,NikeAirMonarch,1370,776,2274,2213
IMG_0335.JPG,3264,2448,NikeAirMonarch,1415,922,1997,1358
IMG_0335.JPG,3264,2448,NikeAirMonarch,633,3,1270,458
IMG_0321.JPG,3264,2448,NikeAirMonarch,979,617,1920,1158
IMG_0321.JPG,3264,2448,NikeAirMonarch,1024,1458,1974,2040
IMG_0447.JPG,3264,2448,NikeAirMonarch,1102,631,2115,1263
IMG_0447.JPG,3264,2448,NikeAirMonarch,1124,1653,2279,2426
IMG_0309.JPG,3264,2448,NikeAirMonarch,138,663,2692,2385
IMG_0282.JPG,3264,2448,NikeAirMonarch,124,963,1802,2094
IMG_0282.JPG,3264,2448,NikeAirMonarch,215,303,1974,1517
IMG_0296.JPG,3264,2448,NikeAirMonarch,1311,672,2715,1899
IMG_0241.JPG,3264,2448,NikeAirMonarch,2,653,1529,2049
IMG_0241.JPG,3264,2448,NikeAirMonarch,1406,94,2624,2435
IMG_0255.JPG,3264,2448,NikeAirMonarch,365,17,2565,2385
IMG_0269.JPG,3264,2448,NikeAirMonarch,752,363,3056,1490
IMG_0269.JPG,3264,2448,NikeAirMonarch,747,740,2329,2372
IMG_0080.JPG,3264,2448,NikeAirMonarch,148,682,2098,1632
IMG_0094.JPG,3264,2448,NikeAirMonarch,898,815,2932,1699
IMG_0043.JPG,3264,2448,NikeAirMonarch,1320,940,1833,1620
IMG_0043.JPG,3264,2448,NikeAirMonarch,1477,773,1993,1463
IMG_0057.JPG,3264,2448,NikeAirMonarch,1298,132,1882,1865
IMG_0057.JPG,3264,2448,NikeAirMonarch,1815,215,2565,1832
IMG_0069.JPG,3264,2448,NikeAirMonarch,948,782,2165,1515
IMG_0069.JPG,3264,2448,NikeAirMonarch,1865,32,2432,449
IMG_0041.JPG,3264,2448,NikeAirMonarch,1309,839,1964,1144
IMG_0041.JPG,3264,2448,NikeAirMonarch,1434,1039,2044,1369
IMG_0055.JPG,3264,2448,NikeAirMonarch,1182,32,1882,1515
IMG_0055.JPG,3264,2448,NikeAirMonarch,1732,65,2782,1849
IMG_0082.JPG,3264,2448,NikeAirMonarch,1015,599,2115,1932
IMG_0096.JPG,3264,2448,NikeAirMonarch,1882,665,2932,1665
IMG_0096.JPG,3264,2448,NikeAirMonarch,1465,315,2532,1365
IMG_0257.JPG,3264,2448,NikeAirMonarch,706,40,2633,2431
IMG_0280.JPG,3264,2448,NikeAirMonarch,370,267,1156,2199
IMG_0280.JPG,3264,2448,NikeAirMonarch,902,144,1983,2317
IMG_0294.JPG,3264,2448,NikeAirMonarch,6,431,342,967
IMG_0294.JPG,3264,2448,NikeAirMonarch,1288,90,3264,2288
IMG_0479.JPG,3264,2448,NikeAirMonarch,2274,481,3264,1402
IMG_0479.JPG,3264,2448,NikeAirMonarch,829,699,1270,1263
IMG_0337.JPG,3264,2448,NikeAirMonarch,1424,635,2292,1672
IMG_0337.JPG,3264,2448,NikeAirMonarch,315,1694,829,1822
IMG_0451.JPG,3264,2448,NikeAirMonarch,702,417,1588,1522
IMG_0451.JPG,3264,2448,NikeAirMonarch,1179,1094,2415,2194
IMG_0445.JPG,3264,2448,NikeAirMonarch,1024,1026,2038,1590
IMG_0445.JPG,3264,2448,NikeAirMonarch,970,2008,1955,2448
IMG_0323.JPG,3264,2448,NikeAirMonarch,561,758,1229,1149
IMG_0323.JPG,3264,2448,NikeAirMonarch,474,1431,1142,1817
IMG_0492.JPG,3264,2448,NikeAirMonarch,1238,749,1642,1608
IMG_0492.JPG,3264,2448,NikeAirMonarch,1942,763,2265,1231
IMG_0109.JPG,3264,2448,NikeAirMonarch,48,865,2048,2249
IMG_0109.JPG,3264,2448,NikeAirMonarch,21,1,1848,715
IMG_0135.JPG,3264,2448,NikeAirMonarch,1198,1015,1498,1715
IMG_0135.JPG,3264,2448,NikeAirMonarch,1632,865,1865,1565
IMG_0121.JPG,3264,2448,NikeAirMonarch,182,465,2615,1599
images-10.jpg,225,225,NikeAirMonarch,29,54,194,171
images-38.jpg,275,183,NikeAirMonarch,12,65,229,180
images-38.jpg,275,183,NikeAirMonarch,84,2,265,148
images-39.jpg,300,168,NikeAirMonarch,40,44,148,95
images-39.jpg,300,168,NikeAirMonarch,79,55,240,154
images-11.jpg,275,183,NikeAirMonarch,6,1,273,183
IMG_0120.JPG,3264,2448,NikeAirMonarch,215,582,2798,1815
IMG_0134.JPG,3264,2448,NikeAirMonarch,1282,932,1632,1715
IMG_0134.JPG,3264,2448,NikeAirMonarch,1765,832,2115,1582
IMG_0108.JPG,3264,2448,NikeAirMonarch,32,165,2215,2265
IMG_0108.JPG,3264,2448,NikeAirMonarch,1182,265,3043,2448
IMG_0493.JPG,3264,2448,NikeAirMonarch,1433,590,1870,1553
IMG_0493.JPG,3264,2448,NikeAirMonarch,2152,603,2533,1172
IMG_0444.JPG,3264,2448,NikeAirMonarch,1056,1058,2015,1585
IMG_0444.JPG,3264,2448,NikeAirMonarch,992,1913,1978,2448
IMG_0336.JPG,3264,2448,NikeAirMonarch,1629,1472,2288,1949
IMG_0336.JPG,3264,2448,NikeAirMonarch,883,363,1524,1090
IMG_0450.JPG,3264,2448,NikeAirMonarch,788,408,1765,1390
IMG_0450.JPG,3264,2448,NikeAirMonarch,1138,1385,2352,2131
IMG_0478.JPG,3264,2448,NikeAirMonarch,2115,394,3264,1546
IMG_0295.JPG,3264,2448,NikeAirMonarch,1252,313,2892,2413
IMG_0281.JPG,3264,2448,NikeAirMonarch,783,563,2174,1572
IMG_0281.JPG,3264,2448,NikeAirMonarch,1052,981,2538,2076
IMG_0256.JPG,3264,2448,NikeAirMonarch,2,563,2306,2081
IMG_0518.JPG,3264,2448,NikeAirMonarch,933,1063,1820,2108
IMG_0518.JPG,3264,2448,NikeAirMonarch,1652,485,1929,940
IMG_0097.JPG,3264,2448,NikeAirMonarch,1098,232,1665,1882
IMG_0097.JPG,3264,2448,NikeAirMonarch,1698,215,2332,1949
IMG_0083.JPG,3264,2448,NikeAirMonarch,1115,649,2898,2049
IMG_0054.JPG,3264,2448,NikeAirMonarch,1182,115,2682,1782
IMG_0054.JPG,3264,2448,NikeAirMonarch,815,49,1365,1432
IMG_0040.JPG,3264,2448,NikeAirMonarch,1350,897,1647,1450
IMG_0040.JPG,3264,2448,NikeAirMonarch,1547,980,1923,1537
IMG_0068.JPG,3264,2448,NikeAirMonarch,882,465,1848,1315
IMG_0068.JPG,3264,2448,NikeAirMonarch,932,1415,1765,1915
IMG_0044.JPG,3264,2448,NikeAirMonarch,1042,843,1560,1957
IMG_0044.JPG,3264,2448,NikeAirMonarch,1342,635,1973,1817
IMG_0050.JPG,3264,2448,NikeAirMonarch,198,65,1315,1832
IMG_0050.JPG,3264,2448,NikeAirMonarch,1198,15,2748,1865
IMG_0078.JPG,3264,2448,NikeAirMonarch,698,432,1832,2282
IMG_0087.JPG,3264,2448,NikeAirMonarch,1415,199,2382,2332
IMG_0246.JPG,3264,2448,NikeAirMonarch,261,126,1883,1649
IMG_0246.JPG,3264,2448,NikeAirMonarch,579,590,2338,2108
IMG_0252.JPG,3264,2448,NikeAirMonarch,11,8,861,2022
IMG_0252.JPG,3264,2448,NikeAirMonarch,888,3,2797,1690
images-8.jpg,268,188,NikeAirMonarch,17,44,252,178
images-8.jpg,268,188,NikeAirMonarch,36,11,247,88
IMG_0285.JPG,3264,2448,NikeAirMonarch,647,835,2302,2031
IMG_0285.JPG,3264,2448,NikeAirMonarch,874,1453,2688,2448
IMG_0291.JPG,3264,2448,NikeAirMonarch,61,163,1306,2367
IMG_0454.JPG,3264,2448,NikeAirMonarch,956,608,1574,1622
IMG_0454.JPG,3264,2448,NikeAirMonarch,1742,608,2547,2067
IMG_0332.JPG,3264,2448,NikeAirMonarch,706,572,1242,935
IMG_0332.JPG,3264,2448,NikeAirMonarch,956,1085,1461,1444
IMG_0326.JPG,3264,2448,NikeAirMonarch,1265,781,1665,1072
IMG_0326.JPG,3264,2448,NikeAirMonarch,1424,1303,1924,1635
IMG_0440.JPG,3264,2448,NikeAirMonarch,1729,658,2533,1290
IMG_0440.JPG,3264,2448,NikeAirMonarch,1370,1240,2097,2108
IMG_0468.JPG,3264,2448,NikeAirMonarch,2324,1185,2861,1635
IMG_0497.JPG,3264,2448,NikeAirMonarch,1083,508,1815,1735
IMG_0497.JPG,3264,2448,NikeAirMonarch,2052,1058,2329,1263
IMG_0483.JPG,3264,2448,NikeAirMonarch,1079,867,2765,1885
IMG_0483.JPG,3264,2448,NikeAirMonarch,379,1503,829,2122
IMG_0130.JPG,3264,2448,NikeAirMonarch,565,82,2882,2099
IMG_0124.JPG,3264,2448,NikeAirMonarch,48,732,2548,2082
IMG_0118.JPG,3264,2448,NikeAirMonarch,798,782,2569,2381
images-29.jpg,201,251,NikeAirMonarch,28,88,199,211
images-29.jpg,201,251,NikeAirMonarch,3,37,167,147
images-15.jpg,268,188,NikeAirMonarch,78,44,261,157
images-15.jpg,268,188,NikeAirMonarch,13,42,149,144
images-14.jpg,225,225,NikeAirMonarch,15,134,160,207
images-14.jpg,225,225,NikeAirMonarch,153,151,195,203
images-28.jpg,285,177,NikeAirMonarch,8,6,282,173
IMG_0119.JPG,3264,2448,NikeAirMonarch,298,399,2582,2282
IMG_0125.JPG,3264,2448,NikeAirMonarch,265,715,2398,2115
IMG_0131.JPG,3264,2448,NikeAirMonarch,681,1,2332,2315
IMG_0482.JPG,3264,2448,NikeAirMonarch,1383,1022,2583,1776
IMG_0482.JPG,3264,2448,NikeAirMonarch,183,1326,642,1908
IMG_0496.JPG,3264,2448,NikeAirMonarch,1361,544,1906,1831
IMG_0496.JPG,3264,2448,NikeAirMonarch,2142,1058,2688,1781
IMG_0469.JPG,3264,2448,NikeAirMonarch,1738,431,3038,1549
IMG_0327.JPG,3264,2448,NikeAirMonarch,1465,631,1856,926
IMG_0327.JPG,3264,2448,NikeAirMonarch,1606,1181,2079,1463
IMG_0441.JPG,3264,2448,NikeAirMonarch,1220,881,1961,1467
IMG_0441.JPG,3264,2448,NikeAirMonarch,874,1472,1592,2303
IMG_0455.JPG,3264,2448,NikeAirMonarch,1247,476,1779,1213
IMG_0455.JPG,3264,2448,NikeAirMonarch,1992,326,2806,1840
IMG_0333.JPG,3264,2448,NikeAirMonarch,642,353,1165,735
IMG_0333.JPG,3264,2448,NikeAirMonarch,938,894,1456,1199
IMG_0290.JPG,3264,2448,NikeAirMonarch,129,108,1320,2417
IMG_0284.JPG,3264,2448,NikeAirMonarch,342,413,2179,1617
IMG_0284.JPG,3264,2448,NikeAirMonarch,615,1058,2574,2126
IMG_0509.JPG,3264,2448,NikeAirMonarch,915,549,1756,2085
IMG_0509.JPG,3264,2448,NikeAirMonarch,1752,153,2447,1358
images-9.jpg,259,194,NikeAirMonarch,4,34,243,161
IMG_0253.JPG,3264,2448,NikeAirMonarch,11,8,1342,1581
IMG_0253.JPG,3264,2448,NikeAirMonarch,1174,63,2457,2448
IMG_0247.JPG,3264,2448,NikeAirMonarch,529,158,1970,1690
IMG_0247.JPG,3264,2448,NikeAirMonarch,924,508,2474,2153
IMG_0092.JPG,3264,2448,NikeAirMonarch,482,1182,1915,2282
IMG_0086.JPG,3264,2448,NikeAirMonarch,798,732,2433,2448
IMG_0051.JPG,3264,2448,NikeAirMonarch,115,1482,2282,2349
IMG_0051.JPG,3264,2448,NikeAirMonarch,115,665,2132,1399
IMG_0053.JPG,3264,2448,NikeAirMonarch,432,115,2148,1265
IMG_0053.JPG,3264,2448,NikeAirMonarch,765,515,2598,2049
IMG_0090.JPG,3264,2448,NikeAirMonarch,832,615,2332,1849
IMG_0084.JPG,3264,2448,NikeAirMonarch,1315,1065,2665,1932
IMG_0251.JPG,3264,2448,NikeAirMonarch,11,931,655,2448
IMG_0251.JPG,3264,2448,NikeAirMonarch,597,740,2720,2431
IMG_0245.JPG,3264,2448,NikeAirMonarch,106,222,1852,1522
IMG_0245.JPG,3264,2448,NikeAirMonarch,411,785,2233,2122
IMG_0279.JPG,3264,2448,NikeAirMonarch,520,385,1452,2431
IMG_0279.JPG,3264,2448,NikeAirMonarch,1147,149,2397,2431
IMG_0292.JPG,3264,2448,NikeAirMonarch,256,644,2083,2090
IMG_0286.JPG,3264,2448,NikeAirMonarch,392,76,1829,2448
IMG_0443.JPG,3264,2448,NikeAirMonarch,1174,1031,2038,1603
IMG_0443.JPG,3264,2448,NikeAirMonarch,947,1717,1807,2448
IMG_0325.JPG,3264,2448,NikeAirMonarch,1202,894,1624,1199
IMG_0325.JPG,3264,2448,NikeAirMonarch,1342,1467,1856,1781
IMG_0331.JPG,3264,2448,NikeAirMonarch,479,576,1047,922
IMG_0331.JPG,3264,2448,NikeAirMonarch,711,1167,1256,1563
download-48.jpg,268,188,NikeAirMonarch,72,49,261,154
download-48.jpg,268,188,NikeAirMonarch,14,47,142,143
IMG_0457.JPG,3264,2448,NikeAirMonarch,1292,640,1724,1299
IMG_0457.JPG,3264,2448,NikeAirMonarch,2015,317,2656,1803
IMG_0480.JPG,3264,2448,NikeAirMonarch,347,944,765,1453
IMG_0480.JPG,3264,2448,NikeAirMonarch,1561,744,2665,1563
10-Nike-Air-Monarch-Colorways-You-Might-Like-08.jpg,1200,794,NikeAirMonarch,183,139,555,750
10-Nike-Air-Monarch-Colorways-You-Might-Like-08.jpg,1200,794,NikeAirMonarch,627,61,1061,633
IMG_0494.JPG,3264,2448,NikeAirMonarch,1442,526,1865,1517
IMG_0494.JPG,3264,2448,NikeAirMonarch,2142,440,2515,1213
IMG_0127.JPG,3264,2448,NikeAirMonarch,998,65,1948,2349
IMG_0133.JPG,3264,2448,NikeAirMonarch,815,365,2082,1732
images-16.jpg,225,225,NikeAirMonarch,4,49,220,176
IMG_0126.JPG,3264,2448,NikeAirMonarch,532,732,2365,2315
10-Nike-Air-Monarch-Colorways-You-Might-Like-09.jpg,1200,781,NikeAirMonarch,83,259,759,625
10-Nike-Air-Monarch-Colorways-You-Might-Like-09.jpg,1200,781,NikeAirMonarch,771,291,1062,631
IMG_0495.JPG,3264,2448,NikeAirMonarch,1192,594,1774,1817
IMG_0495.JPG,3264,2448,NikeAirMonarch,2024,1126,2620,1863
IMG_0481.JPG,3264,2448,NikeAirMonarch,1470,849,2592,1617
IMG_0481.JPG,3264,2448,NikeAirMonarch,279,1103,711,1608
IMG_0318.JPG,3264,2448,NikeAirMonarch,38,22,2509,2448
IMG_0330.JPG,3264,2448,NikeAirMonarch,515,1222,1070,1563
IMG_0330.JPG,3264,2448,NikeAirMonarch,247,663,874,976
IMG_0456.JPG,3264,2448,NikeAirMonarch,1302,426,1783,1235
IMG_0456.JPG,3264,2448,NikeAirMonarch,1997,203,2756,1685
download-49.jpg,194,259,NikeAirMonarch,19,80,171,245
download-49.jpg,194,259,NikeAirMonarch,125,36,177,140
IMG_0442.JPG,3264,2448,NikeAirMonarch,1279,903,2020,1426
IMG_0442.JPG,3264,2448,NikeAirMonarch,1024,1499,1747,2308
IMG_0324.JPG,3264,2448,NikeAirMonarch,1338,863,1761,1194
IMG_0324.JPG,3264,2448,NikeAirMonarch,1479,1444,1965,1758
10-Nike-Air-Monarch-Colorways-You-Might-Like.jpg,1200,796,NikeAirMonarch,382,203,961,628
10-Nike-Air-Monarch-Colorways-You-Might-Like.jpg,1200,796,NikeAirMonarch,240,139,748,495
IMG_0287.JPG,3264,2448,NikeAirMonarch,511,490,2511,2276
IMG_0293.JPG,3264,2448,NikeAirMonarch,229,567,2870,2003
IMG_0244.JPG,3264,2448,NikeAirMonarch,138,449,1979,1544
IMG_0244.JPG,3264,2448,NikeAirMonarch,365,990,2252,2172
IMG_0250.JPG,3264,2448,NikeAirMonarch,856,453,1811,2303
IMG_0250.JPG,3264,2448,NikeAirMonarch,1552,399,2602,2435
IMG_0085.JPG,3264,2448,NikeAirMonarch,548,832,2082,2265
IMG_0091.JPG,3264,2448,NikeAirMonarch,698,882,1765,2382
IMG_0046.JPG,3264,2448,NikeAirMonarch,765,782,2048,1349
IMG_0046.JPG,3264,2448,NikeAirMonarch,982,1215,2365,1882
IMG_0052.JPG,3264,2448,NikeAirMonarch,232,832,2482,2249
IMG_0052.JPG,3264,2448,NikeAirMonarch,48,232,2048,1499
IMG_0223.JPG,3264,2448,NikeAirMonarch,692,1253,2706,2440
IMG_0223.JPG,3264,2448,NikeAirMonarch,792,526,2492,1476
IMG_0419.JPG,3264,2448,NikeAirMonarch,1565,294,2502,2253
download-12.jpg,312,162,NikeAirMonarch,5,5,307,154
IMG_0425.JPG,3264,2448,NikeAirMonarch,920,803,2102,1822
IMG_0343.JPG,3264,2448,NikeAirMonarch,1365,217,2288,1463
IMG_0343.JPG,3264,2448,NikeAirMonarch,897,2240,1615,2448
IMG_0357.JPG,3264,2448,NikeAirMonarch,652,508,1624,1422
IMG_0431.JPG,3264,2448,NikeAirMonarch,1083,603,1765,1840
IMG_0380.JPG,3264,2448,NikeAirMonarch,292,372,1392,949
IMG_0380.JPG,3264,2448,NikeAirMonarch,1515,1044,2052,1549
IMG_0394.JPG,3264,2448,NikeAirMonarch,1265,672,1788,1035
IMG_0394.JPG,3264,2448,NikeAirMonarch,1202,1367,1724,1699
IMG_0169.JPG,3264,2448,NikeAirMonarch,448,415,2498,2282
IMG_0141.JPG,3264,2448,NikeAirMonarch,332,199,1465,2015
IMG_0141.JPG,3264,2448,NikeAirMonarch,948,198,2181,2248
IMG_0155.JPG,3264,2448,NikeAirMonarch,15,32,3246,2448
images-70.jpg,259,194,NikeAirMonarch,5,13,256,179
images-64.jpg,280,180,NikeAirMonarch,23,21,263,164
IMG_0182.JPG,3264,2448,NikeAirMonarch,32,332,2577,2448
download-3.jpg,225,225,NikeAirMonarch,2,48,225,178
IMG_0196.JPG,3264,2448,NikeAirMonarch,32,115,1332,1582
IMG_0196.JPG,3264,2448,NikeAirMonarch,548,999,2415,2432
images-58.jpg,225,225,NikeAirMonarch,33,80,220,180
images-59.jpg,225,225,NikeAirMonarch,2,55,130,165
images-59.jpg,225,225,NikeAirMonarch,104,60,225,163
IMG_0197.JPG,3264,2448,NikeAirMonarch,165,49,1698,1415
IMG_0197.JPG,3264,2448,NikeAirMonarch,582,749,2732,2215
download-2.jpg,281,179,NikeAirMonarch,4,2,281,175
IMG_0183.JPG,3264,2448,NikeAirMonarch,282,149,2913,2448
images-65.jpg,225,225,NikeAirMonarch,20,46,216,181
images-71.jpg,225,225,NikeAirMonarch,4,50,225,177
IMG_0154.JPG,3264,2448,NikeAirMonarch,32,65,2498,2149
IMG_0154.JPG,3264,2448,NikeAirMonarch,865,532,2686,2448
IMG_0140.JPG,3264,2448,NikeAirMonarch,32,332,1548,1749
IMG_0140.JPG,3264,2448,NikeAirMonarch,348,782,2298,2349
IMG_0168.JPG,3264,2448,NikeAirMonarch,515,365,1882,2432
IMG_0395.JPG,3264,2448,NikeAirMonarch,1074,1140,2515,2322
IMG_0395.JPG,3264,2448,NikeAirMonarch,1083,3,2565,903
IMG_0381.JPG,3264,2448,NikeAirMonarch,1274,935,2811,1785
IMG_0381.JPG,3264,2448,NikeAirMonarch,1870,13,2579,376
IMG_0356.JPG,3264,2448,NikeAirMonarch,770,776,1733,1649
IMG_0430.JPG,3264,2448,NikeAirMonarch,1320,626,2079,1608
IMG_0430.JPG,3264,2448,NikeAirMonarch,6,540,206,1108
IMG_0424.JPG,3264,2448,NikeAirMonarch,1615,213,2402,1967
IMG_0342.JPG,3264,2448,NikeAirMonarch,1256,308,2079,1658
IMG_0342.JPG,3264,2448,NikeAirMonarch,588,2285,1223,2448
download-13.jpg,225,225,NikeAirMonarch,4,102,169,214
download-13.jpg,225,225,NikeAirMonarch,104,101,221,195
IMG_0418.JPG,3264,2448,NikeAirMonarch,1620,626,2697,2372
IMG_0418.JPG,3264,2448,NikeAirMonarch,1374,81,1911,572
IMG_0222.JPG,3264,2448,NikeAirMonarch,1147,335,2252,2344
IMG_0222.JPG,3264,2448,NikeAirMonarch,1906,322,3144,2448
IMG_0036.JPG,3264,2448,NikeAirMonarch,1833,937,2367,1643
IMG_0036.JPG,3264,2448,NikeAirMonarch,1660,1063,2160,1800
IMG_0208.JPG,3264,2448,NikeAirMonarch,238,667,2752,1644
IMG_0220.JPG,3264,2448,NikeAirMonarch,11,1213,2433,2181
IMG_0220.JPG,3264,2448,NikeAirMonarch,11,99,2224,1094
IMG_0234.JPG,3264,2448,NikeAirMonarch,11,903,783,2448
IMG_0234.JPG,3264,2448,NikeAirMonarch,1206,8,2965,2149
download-11.jpg,268,188,NikeAirMonarch,12,7,256,179
IMG_0368.JPG,3264,2448,NikeAirMonarch,1470,1344,1988,2394
IMG_0432.JPG,3264,2448,NikeAirMonarch,11,740,1938,2035
IMG_0354.JPG,3264,2448,NikeAirMonarch,1292,658,2170,1894
IMG_0340.JPG,3264,2448,NikeAirMonarch,202,1849,1141,2448
IMG_0340.JPG,3264,2448,NikeAirMonarch,1265,81,1929,1599
IMG_0426.JPG,3264,2448,NikeAirMonarch,1274,644,2283,1535
IMG_0397.JPG,3264,2448,NikeAirMonarch,1220,1199,2370,2103
IMG_0397.JPG,3264,2448,NikeAirMonarch,1183,253,2352,1022
IMG_0156.JPG,3264,2448,NikeAirMonarch,198,632,3264,1886
IMG_0142.JPG,3264,2448,NikeAirMonarch,582,765,1898,2432
IMG_0142.JPG,3264,2448,NikeAirMonarch,1065,332,2482,2015
images-67.jpg,274,184,NikeAirMonarch,10,17,232,176
images-67.jpg,274,184,NikeAirMonarch,79,5,274,132
images-73.jpg,276,182,NikeAirMonarch,81,37,251,151
images-73.jpg,276,182,NikeAirMonarch,33,27,147,122
IMG_0195.JPG,3264,2448,NikeAirMonarch,65,99,1582,1715
IMG_0195.JPG,3264,2448,NikeAirMonarch,732,1115,2689,2448
IMG_0181.JPG,3264,2448,NikeAirMonarch,282,1432,1845,2448
IMG_0181.JPG,3264,2448,NikeAirMonarch,415,465,2232,1999
download-1.jpg,259,194,NikeAirMonarch,26,45,234,187
IMG_0180.JPG,3264,2448,NikeAirMonarch,182,49,1832,1165
IMG_0180.JPG,3264,2448,NikeAirMonarch,532,149,2282,1865
IMG_0194.JPG,3264,2448,NikeAirMonarch,382,15,2282,1115
IMG_0194.JPG,3264,2448,NikeAirMonarch,882,799,3198,2315
images-72.jpg,275,183,NikeAirMonarch,28,53,192,142
images-66.jpg,225,225,NikeAirMonarch,3,58,224,168
IMG_0143.JPG,3264,2448,NikeAirMonarch,782,299,2115,1265
IMG_0143.JPG,3264,2448,NikeAirMonarch,1198,1049,2765,1732
images-99.jpg,201,251,NikeAirMonarch,41,118,182,195
images-99.jpg,201,251,NikeAirMonarch,53,40,124,99
IMG_0157.JPG,3264,2448,NikeAirMonarch,332,415,3264,1776
IMG_0382.JPG,3264,2448,NikeAirMonarch,1038,990,2642,1953
IMG_0382.JPG,3264,2448,NikeAirMonarch,1429,13,2365,458
IMG_0396.JPG,3264,2448,NikeAirMonarch,1352,1217,2711,2303
IMG_0396.JPG,3264,2448,NikeAirMonarch,1361,222,2688,1053
IMG_0341.JPG,3264,2448,NikeAirMonarch,1292,285,1870,1749
IMG_0341.JPG,3264,2448,NikeAirMonarch,265,2035,1177,2448
IMG_0427.JPG,3264,2448,NikeAirMonarch,1011,422,2033,1381
download-38.jpg,246,205,NikeAirMonarch,133,36,246,171
download-38.jpg,246,205,NikeAirMonarch,2,44,189,167
IMG_0433.JPG,3264,2448,NikeAirMonarch,365,313,2488,2435
IMG_0355.JPG,3264,2448,NikeAirMonarch,1033,708,1952,1794
IMG_0369.JPG,3264,2448,NikeAirMonarch,47,1372,1324,1872
IMG_0369.JPG,3264,2448,NikeAirMonarch,2,85,1265,767
IMG_0235.JPG,3264,2448,NikeAirMonarch,420,149,2062,2448
IMG_0235.JPG,3264,2448,NikeAirMonarch,6,1181,313,2448
IMG_0221.JPG,3264,2448,NikeAirMonarch,215,203,2218,2448
IMG_0221.JPG,3264,2448,NikeAirMonarch,1311,422,3241,2448
IMG_0209.JPG,3264,2448,NikeAirMonarch,561,31,3197,1063
IMG_0209.JPG,3264,2448,NikeAirMonarch,461,1858,2864,2448
IMG_0225.JPG,3264,2448,NikeAirMonarch,279,1363,2111,2399
IMG_0225.JPG,3264,2448,NikeAirMonarch,711,794,2347,1576
IMG_0231.JPG,3264,2448,NikeAirMonarch,1106,617,3011,2381
IMG_0231.JPG,3264,2448,NikeAirMonarch,1347,13,2883,858
IMG_0219.JPG,3264,2448,NikeAirMonarch,174,276,2292,1072
IMG_0219.JPG,3264,2448,NikeAirMonarch,179,1117,2424,1931
IMG_0351.JPG,3264,2448,NikeAirMonarch,1665,572,2247,2063
IMG_0437.JPG,3264,2448,NikeAirMonarch,1111,744,2138,1403
IMG_0437.JPG,3264,2448,NikeAirMonarch,570,1,1842,440
IMG_0423.JPG,3264,2448,NikeAirMonarch,1465,817,2174,2435
IMG_0345.JPG,3264,2448,NikeAirMonarch,1211,381,2247,1440
IMG_0392.JPG,3264,2448,NikeAirMonarch,370,717,1220,1558
IMG_0392.JPG,3264,2448,NikeAirMonarch,1270,1399,1779,2172
IMG_0386.JPG,3264,2448,NikeAirMonarch,674,476,1256,1140
IMG_0386.JPG,3264,2448,NikeAirMonarch,1492,240,2547,1949
IMG_0153.JPG,3264,2448,NikeAirMonarch,648,115,2632,1782
IMG_0153.JPG,3264,2448,NikeAirMonarch,856,536,2873,2448
images-89.jpg,268,188,NikeAirMonarch,85,98,245,171
images-89.jpg,268,188,NikeAirMonarch,26,52,91,118
IMG_0147.JPG,3264,2448,NikeAirMonarch,1332,583,2432,2066
IMG_0190.JPG,3264,2448,NikeAirMonarch,182,15,2148,1382
IMG_0190.JPG,3264,2448,NikeAirMonarch,498,532,3264,2172
download-5.jpg,208,242,NikeAirMonarch,11,102,198,218
IMG_0184.JPG,3264,2448,NikeAirMonarch,165,382,3264,2119
images-62.jpg,300,168,NikeAirMonarch,17,16,286,149
images-76.jpg,259,194,NikeAirMonarch,68,31,220,108
images-77.jpg,259,194,NikeAirMonarch,12,48,243,157
images-77.jpg,259,194,NikeAirMonarch,41,17,211,76
images-63.jpg,225,225,NikeAirMonarch,18,99,123,180
images-63.jpg,225,225,NikeAirMonarch,75,99,208,180
IMG_0185.JPG,3264,2448,NikeAirMonarch,48,15,2565,1065
IMG_0185.JPG,3264,2448,NikeAirMonarch,215,399,3264,2134
download-4.jpg,275,183,NikeAirMonarch,25,62,206,169
download-4.jpg,275,183,NikeAirMonarch,132,33,270,102
IMG_0191.JPG,3264,2448,NikeAirMonarch,48,532,1815,1715
IMG_0191.JPG,3264,2448,NikeAirMonarch,515,1899,2313,2448
IMG_0146.JPG,3264,2448,NikeAirMonarch,582,1382,1302,2448
IMG_0146.JPG,3264,2448,NikeAirMonarch,982,949,2298,2265
images-88.jpg,275,183,NikeAirMonarch,20,26,261,157
IMG_0152.JPG,3264,2448,NikeAirMonarch,465,1015,2015,1732
IMG_0387.JPG,3264,2448,NikeAirMonarch,497,672,1120,1449
IMG_0387.JPG,3264,2448,NikeAirMonarch,1456,322,2306,2094
IMG_0393.JPG,3264,2448,NikeAirMonarch,724,703,1365,1144
IMG_0393.JPG,3264,2448,NikeAirMonarch,1238,1358,1811,1931
IMG_0378.JPG,3264,2448,NikeAirMonarch,197,203,1342,822
IMG_0378.JPG,3264,2448,NikeAirMonarch,1238,1081,1933,1681
IMG_0422.JPG,3264,2448,NikeAirMonarch,1374,581,2088,2308
IMG_0344.JPG,3264,2448,NikeAirMonarch,1229,326,2183,1481
IMG_0344.JPG,3264,2448,NikeAirMonarch,1111,2381,1544,2448
IMG_0350.JPG,3264,2448,NikeAirMonarch,1720,544,2479,2044
IMG_0436.JPG,3264,2448,NikeAirMonarch,506,8,1815,435
IMG_0436.JPG,3264,2448,NikeAirMonarch,1092,717,2170,1417
IMG_0218.JPG,3264,2448,NikeAirMonarch,970,199,2338,1599
IMG_0218.JPG,3264,2448,NikeAirMonarch,1342,540,2902,1953
IMG_0230.JPG,3264,2448,NikeAirMonarch,865,26,2656,2140
IMG_0230.JPG,3264,2448,NikeAirMonarch,692,1681,2089,2448
IMG_0232.JPG,3264,2448,NikeAirMonarch,606,1144,2724,2308
IMG_0232.JPG,3264,2448,NikeAirMonarch,1942,8,3264,507
IMG_0226.JPG,3264,2448,NikeAirMonarch,1152,1358,2433,2448
IMG_0226.JPG,3264,2448,NikeAirMonarch,1224,1108,2897,1794
images.jpg,225,225,NikeAirMonarch,41,117,183,193
IMG_0346.JPG,3264,2448,NikeAirMonarch,1329,408,2383,1385
IMG_0420.JPG,3264,2448,NikeAirMonarch,1497,17,2652,1776
IMG_0434.JPG,3264,2448,NikeAirMonarch,652,226,2298,2448
IMG_0352.JPG,3264,2448,NikeAirMonarch,1565,658,2215,2140
IMG_0408.JPG,3264,2448,NikeAirMonarch,897,213,2447,2326
IMG_0385.JPG,3264,2448,NikeAirMonarch,1324,435,2479,2013
IMG_0385.JPG,3264,2448,NikeAirMonarch,638,594,1170,1053
IMG_0391.JPG,3264,2448,NikeAirMonarch,174,872,874,2199
IMG_0391.JPG,3264,2448,NikeAirMonarch,1202,540,2238,1922
IMG_0144.JPG,3264,2448,NikeAirMonarch,1165,299,1948,1632
IMG_0144.JPG,3264,2448,NikeAirMonarch,1498,815,2982,1699
IMG_0150.JPG,3264,2448,NikeAirMonarch,982,815,2832,1799
IMG_0178.JPG,3264,2448,NikeAirMonarch,332,1299,2241,2448
IMG_0178.JPG,3264,2448,NikeAirMonarch,415,249,2215,1132
download-6.jpg,259,194,NikeAirMonarch,23,29,259,168
download-6.jpg,259,194,NikeAirMonarch,4,30,134,138
images-49.jpg,218,231,NikeAirMonarch,9,105,188,218
images-49.jpg,218,231,NikeAirMonarch,95,66,198,125
IMG_0187.JPG,3264,2448,NikeAirMonarch,165,399,1882,1615
IMG_0187.JPG,3264,2448,NikeAirMonarch,598,1599,2745,2448
IMG_0193.JPG,3264,2448,NikeAirMonarch,465,232,2332,1499
IMG_0193.JPG,3264,2448,NikeAirMonarch,1015,1532,3093,2448
images-75.jpg,259,194,NikeAirMonarch,12,14,252,179
images-61.jpg,317,159,NikeAirMonarch,7,2,313,159
images-60.jpg,218,231,NikeAirMonarch,11,64,205,156
images-74.jpg,280,180,NikeAirMonarch,73,55,243,156
images-74.jpg,280,180,NikeAirMonarch,38,21,202,118
IMG_0192.JPG,3264,2448,NikeAirMonarch,348,815,2265,1915
IMG_0192.JPG,3264,2448,NikeAirMonarch,982,2049,2823,2448
IMG_0186.JPG,3264,2448,NikeAirMonarch,48,165,1732,1399
IMG_0186.JPG,3264,2448,NikeAirMonarch,348,1399,2932,2415
download-7.jpg,318,159,NikeAirMonarch,5,5,318,155
images-48.jpg,194,259,NikeAirMonarch,33,90,94,180
images-48.jpg,194,259,NikeAirMonarch,57,92,153,232
IMG_0179.JPG,3264,2448,NikeAirMonarch,148,115,2182,1332
IMG_0179.JPG,3264,2448,NikeAirMonarch,232,1082,2265,2315
IMG_0151.JPG,3264,2448,NikeAirMonarch,1465,549,2548,1982
IMG_0145.JPG,3264,2448,NikeAirMonarch,1048,82,1748,1365
IMG_0145.JPG,3264,2448,NikeAirMonarch,1598,249,2632,1532
IMG_0390.JPG,3264,2448,NikeAirMonarch,42,967,697,2413
IMG_0390.JPG,3264,2448,NikeAirMonarch,983,567,1956,2063
IMG_0384.JPG,3264,2448,NikeAirMonarch,1242,549,2529,2003
IMG_0384.JPG,3264,2448,NikeAirMonarch,1488,3,1874,326
IMG_0409.JPG,3264,2448,NikeAirMonarch,1497,676,3015,1553
IMG_0409.JPG,3264,2448,NikeAirMonarch,1133,1694,1993,2426
IMG_0435.JPG,3264,2448,NikeAirMonarch,652,185,1861,726
IMG_0435.JPG,3264,2448,NikeAirMonarch,1188,949,2065,1667
IMG_0353.JPG,3264,2448,NikeAirMonarch,1233,676,2083,1963
IMG_0347.JPG,3264,2448,NikeAirMonarch,1083,722,2170,1494
IMG_0421.JPG,3264,2448,NikeAirMonarch,1615,576,2642,2335
IMG_0227.JPG,3264,2448,NikeAirMonarch,1052,1485,2183,2448
IMG_0227.JPG,3264,2448,NikeAirMonarch,1552,1140,3061,2431
IMG_0233.JPG,3264,2448,NikeAirMonarch,665,485,1820,2363
IMG_0233.JPG,3264,2448,NikeAirMonarch,2697,3,3264,1425
